{
  "project_info": {
    "project_number": "591347891866",
    "firebase_url": "https://bartertrader254.firebaseio.com",
    "project_id": "bartertrader254",
    "storage_bucket": "bartertrader254.appspot.com"
  },
  "client": [
    {
      "client_info": {
        "mobilesdk_app_id": "1:591347891866:android:00ccc6b2203c6c76",
        "android_client_info": {
          "package_name": "com.developer.ibra.bartertrader254"
        }
      },
      "oauth_client": [
        {
          "client_id": "591347891866-f849oeuto6mindv5mqcshcidli7mlqg4.apps.googleusercontent.com",
          "client_type": 1,
          "android_info": {
            "package_name": "com.developer.ibra.bartertrader254",
            "certificate_hash": "c8b0ea73a74c31aa69989e9521b1220d224c1443"
          }
        },
        {
          "client_id": "591347891866-170u1jrna0sa3b4lis47a23isktvt2n0.apps.googleusercontent.com",
          "client_type": 3
        }
      ],
      "api_key": [
        {
          "current_key": "AIzaSyD_UqtQ5BMCiqQK7a-CN5YxUA-hzBhV4lI"
        }
      ],
      "services": {
        "analytics_service": {
          "status": 1
        },
        "appinvite_service": {
          "status": 2,
          "other_platform_oauth_client": [
            {
              "client_id": "591347891866-170u1jrna0sa3b4lis47a23isktvt2n0.apps.googleusercontent.com",
              "client_type": 3
            }
          ]
        },
        "ads_service": {
          "status": 2
        }
      }
    }
  ],
  "configuration_version": "1"
}